Image,target
108.jpg,kathak
11.jpg,kathak
110.jpg,manipuri
112.jpg,kathakali
114.jpg,kuchipudi
119.jpg,bharatanatyam
125.jpg,odissi
128.jpg,kuchipudi
129.jpg,sattriya
13.jpg,manipuri
132.jpg,kathak
138.jpg,kathak
14.jpg,bharatanatyam
145.jpg,kathak
146.jpg,bharatanatyam
147.jpg,kathak
150.jpg,odissi
152.jpg,mohiniyattam
157.jpg,kathak
162.jpg,kuchipudi
17.jpg,kathak
170.jpg,bharatanatyam
171.jpg,bharatanatyam
173.jpg,bharatanatyam
175.jpg,kathak
183.jpg,kathakali
189.jpg,kathakali
193.jpg,kuchipudi
194.jpg,kathakali
196.jpg,kathakali
198.jpg,manipuri
20.jpg,manipuri
200.jpg,kathakali
202.jpg,kathakali
206.jpg,kathakali
210.jpg,kathakali
215.jpg,kathakali
216.jpg,kathakali
217.jpg,kathakali
220.jpg,kathakali
224.jpg,kathakali
226.jpg,kathakali
23.jpg,kathak
232.jpg,kathakali
238.jpg,sattriya
239.jpg,kathakali
246.jpg,sattriya
256.jpg,mohiniyattam
264.jpg,mohiniyattam
269.jpg,kathak
270.jpg,sattriya
271.jpg,mohiniyattam
275.jpg,sattriya
278.jpg,sattriya
28.jpg,sattriya
280.jpg,sattriya
283.jpg,manipuri
284.jpg,kathakali
285.jpg,mohiniyattam
286.jpg,mohiniyattam
290.jpg,mohiniyattam
291.jpg,mohiniyattam
292.jpg,mohiniyattam
301.jpg,kathak
302.jpg,sattriya
306.jpg,mohiniyattam
316.jpg,sattriya
317.jpg,kathak
318.jpg,kathak
323.jpg,sattriya
324.jpg,kuchipudi
33.jpg,kathak
330.jpg,sattriya
332.jpg,sattriya
34.jpg,kathak
340.jpg,kuchipudi
346.jpg,kuchipudi
349.jpg,sattriya
35.jpg,kathak
354.jpg,sattriya
358.jpg,sattriya
360.jpg,sattriya
363.jpg,kathakali
366.jpg,sattriya
373.jpg,kuchipudi
374.jpg,bharatanatyam
375.jpg,bharatanatyam
378.jpg,odissi
38.jpg,manipuri
380.jpg,kuchipudi
385.jpg,kathak
386.jpg,odissi
390.jpg,kuchipudi
392.jpg,odissi
394.jpg,manipuri
398.jpg,kathak
40.jpg,kathak
401.jpg,kathak
41.jpg,mohiniyattam
410.jpg,kuchipudi
411.jpg,odissi
414.jpg,kuchipudi
416.jpg,odissi
421.jpg,manipuri
424.jpg,manipuri
429.jpg,sattriya
431.jpg,manipuri
437.jpg,kathak
438.jpg,kuchipudi
439.jpg,kuchipudi
440.jpg,kuchipudi
441.jpg,kuchipudi
447.jpg,odissi
448.jpg,odissi
45.jpg,manipuri
456.jpg,mohiniyattam
457.jpg,mohiniyattam
458.jpg,kathak
460.jpg,odissi
461.jpg,odissi
463.jpg,odissi
465.jpg,kathak
467.jpg,kathak
470.jpg,odissi
473.jpg,kuchipudi
479.jpg,odissi
48.jpg,sattriya
482.jpg,odissi
484.jpg,kuchipudi
485.jpg,odissi
487.jpg,odissi
495.jpg,odissi
498.jpg,kuchipudi
505.jpg,kathak
506.jpg,bharatanatyam
507.jpg,sattriya
508.jpg,sattriya
510.jpg,kuchipudi
514.jpg,mohiniyattam
517.jpg,sattriya
518.jpg,odissi
520.jpg,kathak
55.jpg,sattriya
57.jpg,kathak
59.jpg,kathak
6.jpg,manipuri
61.jpg,sattriya
64.jpg,odissi
67.jpg,kathak
71.jpg,mohiniyattam
80.jpg,manipuri
86.jpg,manipuri
9.jpg,bharatanatyam
92.jpg,manipuri
95.jpg,manipuri
97.jpg,kuchipudi
